"","Tratamento","BioReplica","Expressao"
"1","T47D","BioRep1",1.18
"2","T47D","BioRep1",1.05
"3","T47D","BioRep1",0.96
"4","T47D","BioRep1",0.82
"5","T47D","BioRep1",1.2
"6","T47D","BioRep2",0.85
"7","T47D","BioRep2",0.91
"8","T47D","BioRep2",0.88
"9","T47D","BioRep2",0.94
"10","T47D","BioRep3",1.05
"11","T47D","BioRep3",0.95
"12","T47D","BioRep3",1.1
"13","T47D","BioRep3",1.02
"14","T47D_4OHT","BioRep1",0.7
"15","T47D_4OHT","BioRep1",0.68
"16","T47D_4OHT","BioRep1",0.72
"17","T47D_4OHT","BioRep1",0.65
"18","T47D_4OHT","BioRep1",0.71
"19","T47D_4OHT","BioRep2",0.55
"20","T47D_4OHT","BioRep2",0.58
"21","T47D_4OHT","BioRep2",0.6
"22","T47D_4OHT","BioRep2",0.57
"23","T47D_4OHT","BioRep3",0.88
"24","T47D_4OHT","BioRep3",0.92
"25","T47D_4OHT","BioRep3",0.85
"26","T47D_4OHT","BioRep3",0.9
"27","T47D_4OHT_E2","BioRep1",3.05
"28","T47D_4OHT_E2","BioRep1",2.69
"29","T47D_4OHT_E2","BioRep1",2.75
"30","T47D_4OHT_E2","BioRep1",3.39
"31","T47D_4OHT_E2","BioRep1",2.83
"32","T47D_4OHT_E2","BioRep2",2.9
"33","T47D_4OHT_E2","BioRep2",3.1
"34","T47D_4OHT_E2","BioRep2",2.95
"35","T47D_4OHT_E2","BioRep2",3.05
"36","T47D_4OHT_E2","BioRep3",3.4
"37","T47D_4OHT_E2","BioRep3",3.55
"38","T47D_4OHT_E2","BioRep3",3.45
"39","T47D_4OHT_E2","BioRep3",3.5
